<?xml version="1.0" encoding="UTF-8"?>
<?xml-stylesheet type="text/xsl" href="ShowXmlQuestions.xsl"?>
<assessmentItems>
	<assessmentItem subject="Web" author="jvadillo001@ikasle.ehu.eus">
		<itemBody>
			<p>Tag HTML para aniadir un formulario</p>
		</itemBody>
		<correctResponse>
			<response>
				FORM
			</response>
		</correctResponse>
		<IncorrectResponses>
			<response> OBJECT </response>
			<response> TABLE </response>
			<response> DIV </response>
		</IncorrectResponses>
	</assessmentItem>
		<assessmentItem subject="Internet" author="rarruabarrena001@ikasle.ehu.eus">
		<itemBody>
			<p>Este protocolo acabara; funcionando
			incluso entre dos latas unidas por un cordon</p>
		</itemBody>
		<correctResponse>
			<response>
				TCP/IP
			</response>
		</correctResponse>
		<IncorrectResponses>
			<response> HTTP </response>
			<response> SMTP </response>
			<response> Ninguna es correcta </response>
		</IncorrectResponses>
	</assessmentItem>
</assessmentItems>
